{
  "Ansi 4 Color" : {
    "Red Component" : 0.090196078431372548,
    "Color Space" : "sRGB",
    "Blue Component" : 0.60784313725490191,
    "Alpha Component" : 1,
    "Green Component" : 0.34901960784313724
  },
  "Tags" : [

  ],
  "Ansi 12 Color" : {
    "Red Component" : 0.12156862745098039,
    "Color Space" : "sRGB",
    "Blue Component" : 0.81960784313725488,
    "Alpha Component" : 1,
    "Green Component" : 0.47058823529411764
  },
  "Ansi 0 Color" : {
    "Red Component" : 0.1803921568627451,
    "Color Space" : "sRGB",
    "Blue Component" : 0.31372549019607843,
    "Alpha Component" : 1,
    "Green Component" : 0.23529411764705882
  },
  "Has Hotkey" : false,
  "Bold Color" : {
    "Red Component" : 0.92549019607843142,
    "Color Space" : "sRGB",
    "Blue Component" : 0.94509803921568625,
    "Alpha Component" : 1,
    "Green Component" : 0.94117647058823528
  },
  "Ansi 7 Color" : {
    "Red Component" : 0.87058823529411766,
    "Color Space" : "sRGB",
    "Blue Component" : 0.87058823529411766,
    "Alpha Component" : 1,
    "Green Component" : 0.87058823529411766
  },
  "Ansi 8 Color" : {
    "Red Component" : 0.17254901960784313,
    "Color Space" : "sRGB",
    "Blue Component" : 0.30196078431372547,
    "Alpha Component" : 1,
    "Green Component" : 0.23137254901960785
  },
  "Ansi 9 Color" : {
    "Red Component" : 0.85882352941176465,
    "Color Space" : "sRGB",
    "Blue Component" : 0.12941176470588237,
    "Alpha Component" : 1,
    "Green Component" : 0.23137254901960785
  },
  "Rows" : 25,
  "Default Bookmark" : "No",
  "Guid" : "4D513B4D-26DC-4E03-9955-4FEFB96F944B",
  "Ansi 3 Color" : {
    "Red Component" : 0.87058823529411766,
    "Color Space" : "sRGB",
    "Blue Component" : 0,
    "Alpha Component" : 1,
    "Green Component" : 0.49411764705882355
  },
  "AWDS Tab Option" : "Recycle",
  "Cursor Guide Color" : {
    "Red Component" : 0.70213186740875244,
    "Color Space" : "sRGB",
    "Blue Component" : 1,
    "Alpha Component" : 0.25,
    "Green Component" : 0.9268307089805603
  },
  "Non-ASCII Anti Aliased" : true,
  "Use Bright Bold" : true,
  "Ansi 10 Color" : {
    "Red Component" : 0.10196078431372549,
    "Color Space" : "sRGB",
    "Blue Component" : 0.33333333333333331,
    "Alpha Component" : 1,
    "Green Component" : 0.66666666666666663
  },
  "Ambiguous Double Width" : false,
  "AWDS Pane Option" : "Yes",
  "Jobs to Ignore" : [
    "rlogin",
    "ssh",
    "slogin",
    "telnet"
  ],
  "Show Status Bar" : true,
  "Ansi 15 Color" : {
    "Red Component" : 0.97647058823529409,
    "Color Space" : "sRGB",
    "Blue Component" : 0.97647058823529409,
    "Alpha Component" : 1,
    "Green Component" : 0.97647058823529409
  },
  "Foreground Color" : {
    "Red Component" : 0.9882352941176471,
    "Color Space" : "sRGB",
    "Blue Component" : 0.14901960784313725,
    "Alpha Component" : 1,
    "Green Component" : 0.42745098039215684
  },
  "Bound Hosts" : [

  ],
  "Working Directory" : "\/Users\/brendan",
  "Blinking Cursor" : true,
  "AWDS Window Option" : "Yes",
  "Sync Title" : false,
  "Prompt Before Closing 2" : false,
  "BM Growl" : true,
  "Command" : "",
  "Description" : "Default",
  "AWDS Pane Directory" : "\/Users\/brendan\/repos",
  "Disable Window Resizing" : true,
  "Screen" : -1,
  "Selection Color" : {
    "Red Component" : 0.16078431372549021,
    "Color Space" : "sRGB",
    "Blue Component" : 0.3843137254901961,
    "Alpha Component" : 1,
    "Green Component" : 0.16470588235294117
  },
  "Mouse Reporting" : true,
  "AWDS Window Directory" : "\/Users\/brendan\/repos",
  "Columns" : 80,
  "Idle Code" : 0,
  "Ansi 13 Color" : {
    "Red Component" : 0.50196078431372548,
    "Color Space" : "sRGB",
    "Blue Component" : 0.90588235294117647,
    "Alpha Component" : 1,
    "Green Component" : 0.36470588235294116
  },
  "Custom Command" : "No",
  "ASCII Anti Aliased" : true,
  "Non Ascii Font" : "Monaco 12",
  "Vertical Spacing" : 1,
  "Use Bold Font" : true,
  "Option Key Sends" : 0,
  "Selected Text Color" : {
    "Green Component" : 0.92142927646636963,
    "Blue Component" : 0.93115901947021484,
    "Red Component" : 0.90730977058410645
  },
  "Background Color" : {
    "Red Component" : 0.098039215686274508,
    "Color Space" : "sRGB",
    "Blue Component" : 0.19215686274509805,
    "Alpha Component" : 1,
    "Green Component" : 0.13725490196078433
  },
  "Character Encoding" : 4,
  "Ansi 11 Color" : {
    "Red Component" : 0.9882352941176471,
    "Color Space" : "sRGB",
    "Blue Component" : 0,
    "Alpha Component" : 1,
    "Green Component" : 0.58039215686274515
  },
  "Use Italic Font" : true,
  "Unlimited Scrollback" : false,
  "Keyboard Map" : {
    "0xf728-0x80000" : {
      "Action" : 10,
      "Text" : "d"
    },
    "0xf702-0x280000" : {
      "Action" : 10,
      "Text" : "b"
    },
    "0xf70d-0x20000" : {
      "Action" : 10,
      "Text" : "[21;2~"
    },
    "0x7f-0x80000" : {
      "Action" : 11,
      "Text" : "0x1b 0x7f"
    },
    "0xf708-0x20000" : {
      "Action" : 10,
      "Text" : "[15;2~"
    },
    "0x33-0x40000" : {
      "Action" : 11,
      "Text" : "0x1b"
    },
    "0xf703-0x260000" : {
      "Action" : 10,
      "Text" : "[1;6C"
    },
    "0xf729-0x20000" : {
      "Action" : 10,
      "Text" : "[1;2H"
    },
    "0xf702-0x260000" : {
      "Action" : 10,
      "Text" : "[1;6D"
    },
    "0x38-0x40000" : {
      "Action" : 11,
      "Text" : "0x7f"
    },
    "0xf72b-0x40000" : {
      "Action" : 10,
      "Text" : "[1;5F"
    },
    "0xf70c-0x20000" : {
      "Action" : 10,
      "Text" : "[20;2~"
    },
    "0xf701-0x260000" : {
      "Action" : 10,
      "Text" : "[1;6B"
    },
    "0x32-0x40000" : {
      "Action" : 11,
      "Text" : "0x00"
    },
    "0xf707-0x20000" : {
      "Action" : 10,
      "Text" : "[1;2S"
    },
    "0xf703-0x240000" : {
      "Action" : 10,
      "Text" : "[1;5C"
    },
    "0xf700-0x260000" : {
      "Action" : 10,
      "Text" : "[1;6A"
    },
    "0xf702-0x240000" : {
      "Action" : 10,
      "Text" : "[1;5D"
    },
    "0xf703-0x300000" : {
      "Action" : 11,
      "Text" : "0x5"
    },
    "0x37-0x40000" : {
      "Action" : 11,
      "Text" : "0x1f"
    },
    "0x3-0x200000" : {
      "Action" : 11,
      "Text" : "0xd"
    },
    "0xf701-0x240000" : {
      "Action" : 10,
      "Text" : "[1;5B"
    },
    "0xf702-0x300000" : {
      "Action" : 11,
      "Text" : "0x1"
    },
    "0xf703-0x220000" : {
      "Action" : 10,
      "Text" : "[1;2C"
    },
    "0xf739-0x0" : {
      "Action" : 13,
      "Text" : ""
    },
    "0xf70b-0x20000" : {
      "Action" : 10,
      "Text" : "[19;2~"
    },
    "0xf728-0x0" : {
      "Action" : 11,
      "Text" : "0x4"
    },
    "0xf706-0x20000" : {
      "Action" : 10,
      "Text" : "[1;2R"
    },
    "0xf700-0x240000" : {
      "Action" : 10,
      "Text" : "[1;5A"
    },
    "0xf702-0x220000" : {
      "Action" : 10,
      "Text" : "[1;2D"
    },
    "0x36-0x40000" : {
      "Action" : 11,
      "Text" : "0x1e"
    },
    "0xf70f-0x20000" : {
      "Action" : 10,
      "Text" : "[24;2~"
    },
    "0xf701-0x220000" : {
      "Action" : 10,
      "Text" : "[1;2B"
    },
    "0xf70a-0x20000" : {
      "Action" : 10,
      "Text" : "[18;2~"
    },
    "0xf729-0x40000" : {
      "Action" : 10,
      "Text" : "[1;5H"
    },
    "0xf72b-0x20000" : {
      "Action" : 10,
      "Text" : "[1;2F"
    },
    "0xf700-0x220000" : {
      "Action" : 10,
      "Text" : "[1;2A"
    },
    "0x30-0x200000" : {
      "Action" : 12,
      "Text" : "0"
    },
    "0xf705-0x20000" : {
      "Action" : 10,
      "Text" : "[1;2Q"
    },
    "0x31-0x200000" : {
      "Action" : 12,
      "Text" : "1"
    },
    "0x33-0x200000" : {
      "Action" : 12,
      "Text" : "3"
    },
    "0x35-0x40000" : {
      "Action" : 11,
      "Text" : "0x1d"
    },
    "0x34-0x200000" : {
      "Action" : 12,
      "Text" : "4"
    },
    "0x32-0x200000" : {
      "Action" : 12,
      "Text" : "2"
    },